factor,importance
Unit_Characteristics,0.4428809167653796
Order_Value,0.3339704972736472
Order_Volume,0.22314858596097312
