feature,importance
Unit_Characteristics,0.42068289117944513
Order_Value,0.30170113930191644
Order_Volume,0.2776159695186385
